,City,Cloudiness,Country,Date,Humidity,Lat,Lng,Max Temp,Wind Speed
0,New Norfolk,75,AU,1556484035,57,-42.78,147.06,51.8,6.93
1,Rikitea,100,PF,1556484159,77,-23.12,-134.97,73.92,27.42
2,Dongsheng,100,CN,1556484162,88,29.72,112.52,53.94,8.1
3,Basco,90,US,1556484098,52,40.33,-91.2,55.4,13.87
4,Egvekinot,100,RU,1556484166,96,66.32,-179.17,27.12,5.14
5,Mahebourg,75,MU,1556483943,94,-20.41,57.7,73.99,5.82
6,Port Lincoln,0,AU,1556484171,76,-34.72,135.86,60.96,11.03
7,Atuona,39,PF,1556484173,74,-9.8,-139.03,83.82,18.16
8,Balgazyn,16,RU,1556484175,50,51.0,95.2,32.88,4.79
9,Sabang,94,PH,1556484177,76,13.72,123.58,81.12,9.44
10,Katherine,100,AU,1556481600,83,-14.47,132.26,75.2,5.82
11,Nanortalik,5,GL,1556484182,73,60.14,-45.24,38.46,4.25
12,Souillac,90,FR,1556484037,71,45.6,-0.6,53.6,5.82
13,Nikolskoye,0,RU,1556484037,44,59.7,30.79,39.2,4.47
14,Ahipara,93,NZ,1556484034,100,-35.17,173.16,57.0,27.22
15,Ushuaia,75,AR,1556481600,70,-54.81,-68.31,46.4,3.06
16,Hobart,75,AU,1556484035,57,-42.88,147.33,51.8,6.93
17,Lipari,20,IT,1556484097,77,38.47,14.95,61.0,2.24
18,Ciudad Bolivar,79,VE,1556483999,23,8.12,-63.55,100.2,10.63
19,Khatanga,98,RU,1556484199,93,71.98,102.47,4.26,13.09
20,Vaini,100,IN,1556484201,82,15.34,74.49,81.84,2.1
21,Fairbanks,1,US,1556484005,29,64.84,-147.72,53.01,1.05
22,Cabo San Lucas,75,MX,1556484027,33,22.89,-109.91,91.0,7.67
23,Kingman,1,US,1556483536,12,35.19,-114.05,98.01,17.22
24,Mayumba,100,GA,1556484210,83,-3.44,10.65,81.66,4.72
25,Airai,82,TL,1556484212,72,-8.93,125.41,76.62,9.6
26,Hermanus,0,ZA,1556483511,98,-34.42,19.24,54.0,1.99
27,Punta Arenas,90,CL,1556484186,93,-53.16,-70.91,42.8,5.82
28,Iqaluit,90,CA,1556484161,84,63.75,-68.52,32.0,23.04
29,Mataura,100,NZ,1556483411,93,-46.19,168.86,48.0,11.01
30,Saskylakh,24,RU,1556484223,95,71.97,114.09,-8.7,6.13
31,Katsuura,75,JP,1556483319,58,33.93,134.5,57.0,1.12
32,Mitu,0,IR,1556484227,61,36.2,46.09,44.4,6.31
33,Ostrovnoy,96,RU,1556484229,79,68.05,39.51,27.84,4.47
34,Mount Isa,85,AU,1556481600,53,-20.73,139.49,73.4,8.05
35,Lagoa,0,PT,1556484118,68,37.14,-8.45,66.99,6.93
36,Tiksi,69,RU,1556484236,95,71.64,128.87,9.3,6.44
37,Pombas,90,BR,1556484238,61,-15.9,-54.74,83.1,0.47
38,Luderitz,10,NA,1556481600,87,-26.65,15.16,57.2,4.7
39,Hasaki,75,JP,1556483936,81,35.73,140.83,48.2,3.36
40,Ilulissat,0,GL,1556481000,86,69.22,-51.1,30.2,3.36
41,Chuy,73,UY,1556484247,70,-33.69,-53.46,67.62,8.48
42,Tieli,38,CN,1556484249,59,46.98,128.05,48.36,6.55
43,Barrow,0,AR,1556484251,38,-38.31,-60.23,69.24,5.68
44,Yulara,90,AU,1556481600,28,-25.24,130.99,57.2,8.05
45,Bluff,95,AU,1556484255,35,-23.58,149.07,63.12,10.54
46,Chokurdakh,58,RU,1556484257,91,70.62,147.9,13.62,7.31
47,East London,0,ZA,1556484260,50,-33.02,27.91,65.1,5.75
48,Maloy,100,ID,1556484262,98,1.0,118.1,74.1,1.79
49,Walvis Bay,11,NA,1556481780,72,-22.95,14.51,62.6,8.05
50,Chernyshevskiy,0,RU,1556484266,88,63.01,112.47,11.1,3.89
51,Pacific Grove,20,US,1556484236,59,36.62,-121.92,73.0,14.99
52,Abu Samrah,15,SY,1556484270,55,35.3,37.18,66.36,5.64
53,Grootfontein,0,NA,1556484272,20,-19.56,18.1,62.4,5.73
54,Dolores,0,UY,1556484275,70,-33.53,-58.22,70.5,5.93
55,Faya,0,SA,1556481600,68,18.39,42.45,66.2,4.7
56,Racale,20,IT,1556483691,87,39.96,18.09,60.01,5.82
57,Emerald,35,AU,1556483765,67,-23.53,148.16,60.8,9.17
58,Severo-Kurilsk,0,RU,1556484283,87,50.68,156.12,35.4,13.62
59,Simav,41,TR,1556484007,10,39.09,28.98,64.99,10.0
60,Ponta do Sol,54,BR,1556484288,88,-20.63,-46.0,69.06,4.63
61,Kapaa,75,US,1556484196,74,22.08,-159.32,80.6,14.99
62,Maragogi,57,BR,1556484292,84,-9.01,-35.22,76.98,4.72
63,Grenada,1,US,1556483529,53,33.77,-89.81,80.6,3.53
64,Arraial do Cabo,0,BR,1556481600,66,-22.97,-42.02,87.8,6.93
65,Bathsheba,40,BB,1556481600,66,13.22,-59.52,86.0,16.11
66,Provideniya,100,RU,1556484301,95,64.42,-173.23,29.82,8.52
67,Cape Town,90,ZA,1556484167,100,-33.93,18.42,60.01,5.82
68,Port Blair,100,IN,1556484299,71,11.67,92.75,85.62,12.37
69,Uruzgan,64,AF,1556484310,28,32.93,66.63,47.82,2.84
70,Cherskiy,97,RU,1556484313,92,68.75,161.3,20.1,2.86
71,Kavieng,100,PG,1556484315,72,-2.57,150.8,84.72,6.51
72,Golden,40,CA,1556481600,16,51.3,-116.96,50.0,6.93
73,Rawson,0,AR,1556484237,38,-43.3,-65.11,64.74,13.98
74,Channel-Port aux Basques,53,CA,1556484302,85,47.57,-59.14,38.1,7.54
75,Nome,75,US,1556484310,47,30.04,-94.42,82.0,9.17
76,Tevaitoa,100,PF,1556484325,79,-16.78,-151.5,82.56,19.71
77,Hargeysa,20,SO,1556484328,76,9.56,44.06,73.56,3.62
78,Vechta,12,DE,1556484323,100,52.73,8.29,48.99,5.91
79,Ringebu,40,NO,1556484056,70,61.53,10.14,45.0,3.0
80,Pinawa,100,CA,1556484334,16,50.15,-95.88,49.98,4.76
81,Ikwiriri,100,TZ,1556484336,94,-7.96,38.99,75.72,2.62
82,Puerto Ayora,20,EC,1556483494,70,-0.74,-90.35,84.2,16.11
83,Geraldton,75,CA,1556482020,28,49.72,-86.95,42.8,12.75
84,Bredasdorp,0,ZA,1556484312,93,-34.53,20.04,59.0,3.36
85,Port Alfred,0,ZA,1556484094,91,-33.59,26.89,64.99,1.01
86,Bayonet Point,1,US,1556484342,42,28.33,-82.68,90.0,4.7
87,Albany,90,US,1556484151,66,42.65,-73.75,50.0,10.29
88,Lebu,40,ET,1556481600,77,8.96,38.73,62.6,2.24
89,Katangli,0,RU,1556484354,63,51.71,143.23,38.82,3.27
90,Busselton,100,AU,1556484272,46,-33.64,115.35,63.0,22.39
91,Bonito,19,BR,1556484358,81,-21.13,-56.49,76.62,3.44
92,Tumpat,75,MY,1556481600,94,6.2,102.17,80.6,1.88
93,Todos Santos,75,MX,1556484347,33,23.45,-110.23,91.0,16.24
94,Pangnirtung,90,CA,1556481600,60,66.15,-65.72,39.2,10.29
95,Manokwari,100,ID,1556484367,79,-0.87,134.08,75.18,3.44
96,Anaco,15,VE,1556484078,23,9.43,-64.46,98.04,10.85
97,Kualakapuas,90,ID,1556481600,100,-3.01,114.39,77.0,4.7
98,Bam,32,IR,1556484373,38,29.11,58.36,59.52,7.11
99,Praia,0,BR,1556481600,51,-20.25,-43.81,82.4,11.41
100,Hami,21,CN,1556484378,20,42.84,93.51,57.54,12.66
101,Kalmunai,100,LK,1556484380,89,7.42,81.82,76.62,2.55
102,Puerto Quijarro,75,BO,1556481600,69,-19.0,-57.72,82.4,5.82
103,Ballina,75,IE,1556484184,81,54.11,-9.15,54.0,8.05
104,Port Elizabeth,75,US,1556484378,48,39.31,-74.98,73.99,6.93
105,Anadyr,90,RU,1556484186,93,64.73,177.51,32.0,24.61
106,Thompson,20,CA,1556481600,32,55.74,-97.86,37.4,4.7
107,Zalegoshch,0,RU,1556484393,64,52.9,36.89,42.24,12.06
108,Solnechnyy,0,RU,1556484395,61,50.72,136.64,43.68,2.15
109,Ous,56,RU,1556484398,82,60.91,61.52,21.54,8.34
110,Navahrudak,78,BY,1556484400,78,53.59,25.82,57.36,12.68
111,Hovd,0,NO,1556484399,66,63.83,10.7,55.0,2.24
112,Honiara,20,SB,1556481600,100,-9.43,159.96,75.2,2.24
113,Mackenzie,1,CA,1556481600,29,55.34,-123.09,48.2,6.93
114,Broome,40,GB,1556484403,87,52.47,1.45,50.0,3.36
115,Butaritari,83,KI,1556484411,82,3.07,172.79,82.92,16.71
116,Aykhal,40,RU,1556481600,77,65.95,111.51,1.4,6.71
117,Sept-Iles,90,CA,1556484207,96,50.2,-66.38,36.0,4.7
118,Stari Bohorodchany,75,UA,1556481600,81,48.84,24.53,51.8,8.95
119,Saint-Philippe,1,CA,1556484416,49,45.36,-73.48,52.0,6.93
120,Yatou,100,CM,1556484422,82,3.63,9.81,84.0,13.24
121,Bandarbeyla,29,SO,1556484424,62,9.49,50.81,79.68,5.3
122,Umm Lajj,0,SA,1556484426,65,25.02,37.27,78.06,4.52
123,High Rock,75,BS,1556481600,69,26.63,-78.28,82.4,6.93
124,Petropavlovsk-Kamchatskiy,70,RU,1556481600,66,53.05,158.65,32.0,4.47
125,Avarua,100,CK,1556481600,88,-21.21,-159.78,78.8,23.04
126,Torbay,40,CA,1556484428,70,47.66,-52.73,48.2,6.93
127,Hilo,75,US,1556484368,78,19.71,-155.08,75.0,6.93
128,Puerto Maldonado,80,PE,1556484439,56,-12.59,-69.19,90.12,3.0
129,Yellowknife,40,CA,1556484180,42,62.45,-114.38,28.99,5.82
130,Ribeira Grande,75,PT,1556481600,93,38.52,-28.7,62.6,11.41
131,Dikson,100,RU,1556484445,95,73.51,80.55,10.38,9.75
132,Mayo,40,CA,1556481600,22,63.59,-135.9,46.4,5.82
133,Mykolayivka,96,UA,1556484450,88,47.54,30.76,54.3,7.47
134,Tuktoyaktuk,75,CA,1556481600,85,69.44,-133.03,14.0,3.36
135,Dourbali,38,TD,1556484454,9,11.81,15.86,98.4,11.18
136,Esperance,20,TT,1556484389,52,10.24,-61.45,87.8,17.22
137,Upernavik,35,GL,1556484458,83,72.79,-56.15,21.72,8.12
138,San Jose,100,PH,1556484208,73,15.79,120.99,79.5,5.37
139,Kavarna,0,BG,1556481600,62,43.43,28.33,55.4,1.12
140,Castro,40,CL,1556481600,71,-42.48,-73.76,55.4,11.41
141,Pevek,57,RU,1556484467,87,69.7,170.27,23.34,2.66
142,Saint-Denis,75,FR,1556484463,71,48.94,2.36,50.0,2.24
143,Lorengau,100,PG,1556484472,90,-2.02,147.27,79.14,0.25
144,Kasongo-Lunda,100,CD,1556484474,97,-6.48,16.82,70.68,1.48
145,Longyearbyen,75,NO,1556481000,86,78.22,15.63,33.8,3.36
146,Sitka,99,US,1556484413,52,37.17,-99.65,75.0,18.01
147,Talara,40,PE,1556481600,290,-4.58,-81.27,62.6,13.87
148,San Jeronimo,100,PE,1556484483,43,-13.65,-73.37,62.94,10.02
149,Burgeo,13,CA,1556484485,87,47.61,-57.61,36.12,7.83
150,Laguna,20,MX,1556480880,9,27.52,-110.01,95.0,12.75
151,Georgetown,40,GY,1556485200,74,6.8,-58.16,87.8,13.87
152,Svetlogorsk,75,RU,1556481600,87,53.14,59.15,48.2,6.71
153,Santo Domingo,40,DO,1556484194,62,18.48,-69.94,86.0,13.87
154,Nichinan,85,JP,1556484185,77,31.65,131.31,62.01,5.99
155,Voyvozh,84,RU,1556484499,83,62.89,54.96,21.0,7.29
156,Yertsevo,0,RU,1556484501,73,60.8,40.09,26.04,3.87
157,Roald,0,NO,1556484390,93,62.58,6.12,53.6,3.36
158,Kavaratti,100,IN,1556484505,78,10.57,72.64,85.08,12.64
159,Kodiak,75,US,1556484443,23,39.95,-94.76,55.99,16.11
160,Ambulu,79,ID,1556484510,79,-8.35,113.61,80.22,5.77
161,Touros,40,BR,1556481600,74,-5.2,-35.46,84.2,9.17
162,Kaitangata,100,NZ,1556484445,87,-46.28,169.85,50.0,23.0
163,Pemba,75,MZ,1556481600,88,-12.97,40.52,75.2,10.29
164,Tiznit,0,MA,1556484466,79,29.7,-9.73,66.18,7.52
165,Berlevag,40,NO,1556481000,80,70.86,29.09,35.6,8.05
166,Ketchikan,1,US,1556481180,58,55.34,-131.65,53.6,11.41
167,Nalgonda,99,IN,1556484528,41,17.05,79.27,89.22,9.24
168,Adacs,90,HU,1556484485,100,47.69,19.98,51.8,6.93
169,Beloha,10,MG,1556484532,73,-25.17,45.06,68.34,8.55
170,Klaksvik,73,FO,1556482800,87,62.23,-6.59,46.4,10.29
171,Victoria,75,BN,1556481600,88,5.28,115.24,80.6,3.36
172,Mingaora,0,PK,1556484538,39,34.78,72.36,55.56,11.88
173,Bethel,1,US,1556481360,42,60.79,-161.76,48.2,16.11
174,Lavrentiya,100,RU,1556484543,91,65.58,-170.99,30.36,9.24
175,San Cristobal,75,EC,1556484331,31,-0.39,-78.55,75.2,8.05
176,Gazojak,0,TM,1556484548,21,41.19,61.4,65.1,5.7
177,Longido,96,TZ,1556484550,96,-2.73,36.7,63.48,7.72
178,Narrabri,0,AU,1556481600,56,-30.33,149.78,44.6,5.82
179,Qaanaaq,36,GL,1556484555,64,77.48,-69.36,14.52,4.45
180,Charlestown,90,US,1556484401,81,41.38,-71.64,50.0,5.82
181,Suntar,0,RU,1556484559,75,62.16,117.65,22.8,3.6
182,Ko Samui,100,TH,1556484429,73,9.54,99.94,85.08,4.12
183,Road Town,2,VG,1556484525,69,18.42,-64.62,82.4,11.41
184,Marsh Harbour,0,BS,1556484483,83,26.54,-77.06,76.98,10.8
185,Buford,1,US,1556484331,45,32.46,-100.86,88.0,13.87
186,Orissaare,0,EE,1556484484,57,58.56,23.08,48.2,8.05
187,Plouzane,90,FR,1556484486,93,48.38,-4.62,53.01,4.7
188,Det Udom,24,TH,1556481600,78,14.9,105.08,78.8,3.36
189,Avera,1,US,1556484537,26,33.19,-82.53,88.0,6.93
190,Mount Gambier,90,AU,1556481600,100,-37.83,140.78,50.0,9.17
191,Fethiye,0,TR,1556484430,87,36.62,29.12,62.01,4.7
192,Salta,0,AR,1556481600,49,-24.79,-65.41,73.4,8.05
193,Kruisfontein,0,ZA,1556484585,26,-34.0,24.73,70.32,6.8
194,Cidreira,52,BR,1556484587,77,-30.17,-50.22,68.34,9.48
195,Montrose,90,AU,1556484444,87,-37.81,145.34,55.99,5.82
196,Khor,100,RU,1556484591,67,47.88,134.96,53.76,5.14
197,Alindao,48,CF,1556484593,47,5.04,21.21,81.66,2.39
198,Pisco,0,PE,1556484417,30,-13.71,-76.2,73.0,8.05
199,Dire,40,ET,1556481600,77,9.18,38.92,62.6,2.24
200,Qianguo,0,CN,1556484600,56,45.12,124.86,47.64,10.38
201,Yarada,74,IN,1556484602,85,17.65,83.27,84.36,9.53
202,Tual,100,ID,1556484604,78,-5.67,132.75,85.62,15.7
203,Baihar,0,IN,1556484607,13,22.11,80.55,86.16,2.86
204,Sidi Ali,27,DZ,1556484609,70,36.1,0.42,65.28,11.9
205,Leningradskiy,38,RU,1556484611,75,69.38,178.42,28.92,5.03
206,Carnarvon,0,ZA,1556484613,20,-30.97,22.13,68.16,7.23
207,Igarka,43,RU,1556484615,99,67.47,86.57,-2.76,3.51
208,Ghanzi,0,BW,1556484618,42,-21.7,21.65,72.12,7.83
209,Shelburne,20,CA,1556484616,30,44.08,-80.2,51.01,13.87
210,Negombo,40,LK,1556482200,88,7.21,79.83,80.6,4.7
211,Kirakira,66,SB,1556484624,81,-10.46,161.92,81.66,7.38
212,Praia da Vitoria,20,PT,1556484370,82,38.73,-27.07,64.4,16.08
213,Skibbereen,75,IE,1556481600,87,51.55,-9.27,51.8,9.17
214,Jamestown,0,AU,1556484630,86,-33.21,138.6,50.88,6.71
215,Linjiang,4,CN,1556484633,93,41.81,126.91,36.3,2.75
216,Buala,66,SB,1556484635,76,-8.15,159.59,82.74,5.46
217,De-Kastri,0,RU,1556484637,67,51.48,140.77,39.9,0.49
218,Jiazi,0,CN,1556481600,74,19.61,110.49,80.6,6.71
219,Hithadhoo,100,MV,1556484641,80,-0.6,73.08,84.54,13.65
220,Westport,75,IE,1556484491,81,53.8,-9.52,54.0,8.05
221,Constitucion,90,MX,1556484616,9,23.99,-104.67,84.2,22.44
222,Talnakh,53,RU,1556481600,84,69.49,88.39,-0.41,11.18
223,Moundou,78,TD,1556484650,36,8.57,16.07,91.56,7.14
224,Margate,75,AU,1556484574,57,-43.03,147.26,51.8,6.93
225,Vao,0,EE,1556484655,57,59.1,26.19,37.2,7.07
226,Magadan,0,RU,1556484657,72,59.56,150.8,33.06,1.99
227,Saint George,20,GR,1556481000,62,39.45,22.34,57.2,2.62
228,Abilene,1,US,1556484391,48,32.45,-99.73,86.0,20.8
229,Salalah,0,OM,1556481000,66,17.01,54.1,84.2,2.24
230,Corrente,23,BR,1556484666,66,-17.45,-44.68,76.44,2.77
231,Azul,0,AR,1556484654,60,-36.78,-59.86,66.9,7.0
232,San Patricio,0,PY,1556484670,80,-26.98,-56.83,68.16,4.14
233,Hualmay,100,PE,1556484672,91,-11.1,-77.61,67.8,11.79
234,Teyateyaneng,0,LS,1556484674,51,-29.15,27.74,50.16,1.79
235,Tasiilaq,75,GL,1556481000,80,65.61,-37.64,39.2,5.82
236,Lalmohan,96,BD,1556484678,79,22.34,90.74,83.82,13.67
237,Ancud,40,CL,1556481600,71,-41.87,-73.83,55.4,11.41
238,Bambous Virieux,75,MU,1556484543,94,-20.34,57.76,73.99,5.82
239,Kayes,0,ML,1556484685,11,14.44,-11.44,105.42,4.97
240,Sharkan,0,RU,1556484382,88,57.3,53.87,30.0,8.08
241,Garowe,66,SO,1556484689,47,8.41,48.48,82.92,9.46
242,Alofi,40,NU,1556481600,83,-19.06,-169.92,80.6,9.17
243,Codrington,75,AU,1556484486,100,-28.95,153.24,69.8,4.76
244,Tela,40,HN,1556484611,49,15.78,-87.45,93.2,16.11
245,Micheweni,100,TZ,1556484698,75,-4.97,39.83,85.26,7.74
246,Orangeburg,1,US,1556484900,26,33.49,-80.86,88.0,6.93
247,Fort Nelson,20,CA,1556481600,26,58.81,-122.69,46.4,9.17
248,Malyye Derbety,27,RU,1556484704,65,47.95,44.68,61.14,11.01
249,Komsomolskiy,90,RU,1556484707,98,67.55,63.78,5.52,5.01
250,Nicoya,40,CR,1556481600,44,10.15,-85.45,95.0,18.34
251,Konstantinovka,99,MD,1556484402,75,47.99,28.86,59.0,4.03
252,Bronnitsy,0,RU,1556484021,48,55.42,38.26,44.01,8.95
253,Palmas de Monte Alto,43,BR,1556484715,56,-14.26,-43.16,77.88,0.56
254,Syracuse,75,US,1556484624,52,43.05,-76.15,50.0,12.75
255,Kungurtug,0,RU,1556484720,63,50.6,97.53,22.26,3.2
256,Ritchie,0,ZA,1556484722,29,-29.03,24.6,66.18,8.14
257,Rochegda,0,RU,1556484724,77,62.67,43.41,24.06,4.05
258,Beringovskiy,100,RU,1556484726,97,63.05,179.32,31.98,8.43
259,Brae,49,GB,1556482800,81,60.4,-1.35,48.2,9.17
260,Viedma,1,AR,1556484730,45,-40.81,-62.99,63.66,4.88
261,Mecca,0,SA,1556484733,45,21.43,39.83,86.7,4.34
262,Maceio,0,BR,1556481600,65,-9.67,-35.74,80.6,11.41
263,Havoysund,0,NO,1556481000,79,71.0,24.66,39.2,6.93
264,Nehe,0,CN,1556484739,46,48.48,124.88,50.16,4.41
265,Kenora,90,CA,1556484162,48,49.76,-94.48,42.8,6.93
266,Fayaoue,5,NC,1556484743,78,-20.65,166.53,76.62,24.34
267,Zwiesel,36,DE,1556484745,83,49.01,13.23,43.0,2.66
268,Labuhan,65,ID,1556484748,91,-2.54,115.51,73.74,1.92
269,Talaya,75,RU,1556484625,75,55.79,84.89,32.0,11.18
270,Korhogo,59,CI,1556484752,46,9.46,-5.63,89.76,2.64
271,Ambilobe,43,MG,1556484754,95,-13.19,49.05,73.92,4.65
272,Adrar,0,DZ,1556481600,12,27.87,-0.29,86.0,18.34
273,Faanui,100,PF,1556484759,79,-16.48,-151.75,83.28,19.48
274,Dhana,0,IN,1556484761,12,23.75,78.86,90.48,4.74
275,Clearwater,40,US,1556484457,40,27.97,-82.8,90.0,3.36
276,Sarkand,0,KZ,1556484765,47,45.41,79.91,51.96,5.1
277,Hamilton,20,CA,1556484687,34,43.26,-79.87,54.0,10.29
278,Uchiza,100,PE,1556484770,24,-8.46,-76.46,91.56,1.61
279,Trinidad,40,UY,1556481600,60,-33.52,-56.9,69.8,6.93
280,Qixia,100,CN,1556484258,84,37.31,120.83,50.0,5.7
281,College,1,US,1556484605,29,64.86,-147.8,53.01,1.05
282,Gat,0,SN,1556483400,64,14.69,-16.54,73.4,19.46
283,Emba,0,CY,1556484468,67,34.81,32.42,66.2,2.24
284,Hobyo,77,SO,1556484783,69,5.35,48.53,82.74,9.4
285,Namatanai,90,PG,1556484785,87,-3.66,152.44,79.5,7.67
286,Zhezkazgan,84,KZ,1556484787,53,47.8,67.71,58.98,9.98
287,Naze,40,NG,1556481600,88,5.43,7.07,82.4,6.93
288,Aguas de Lindoia,12,BR,1556484682,88,-22.48,-46.63,71.04,5.06
289,Sulangan,71,PH,1556484794,80,11.14,123.72,81.3,11.5
290,Huntsville,1,US,1556484664,39,34.73,-86.59,82.99,6.93
291,Saldanha,93,PT,1556484798,58,41.42,-6.55,60.78,2.91
292,Phalodi,0,IN,1556484800,10,27.13,72.36,93.72,6.08
293,Mariental,100,DE,1556484768,89,52.28,10.99,48.99,4.05
294,Gryazovets,0,RU,1556484804,65,58.88,40.25,29.28,5.14
295,Xining,85,CN,1556484807,77,36.62,101.77,41.34,7.09
296,Taylorville,40,US,1556484506,54,39.55,-89.29,57.99,11.41
297,Stjordalshalsen,0,NO,1556484604,62,63.47,10.93,57.0,2.24
298,Phalaborwa,2,ZA,1556481600,77,-23.95,31.14,69.8,6.93
299,Narsaq,0,GL,1556484815,59,60.91,-46.05,44.4,4.63
300,Bayir,0,TR,1556482800,82,37.27,28.22,59.0,3.36
301,Muborak,43,UZ,1556484820,36,39.25,65.15,63.3,2.73
302,San Policarpo,48,PH,1556484822,79,12.18,125.51,80.76,5.41
303,Clovis,1,US,1556484437,21,36.83,-119.7,86.0,5.82
304,Coihaique,90,CL,1556481600,93,-45.58,-72.07,42.8,3.36
305,Antsohihy,100,MG,1556484828,76,-14.88,47.99,81.3,3.91
306,Castlerea,75,IE,1556484724,81,53.77,-8.49,53.01,8.05
307,Abapo,39,BO,1556484832,52,-18.83,-63.47,81.66,6.6
308,Aklavik,75,CA,1556481600,50,68.22,-135.01,28.4,8.05
309,Flinders,51,AU,1556484607,71,-34.58,150.85,52.0,10.29
310,Dimbokro,78,CI,1556484839,83,6.65,-4.7,79.86,5.21
311,Havre-Saint-Pierre,90,CA,1556484120,100,50.23,-63.6,33.8,4.7
312,Novovyazniki,100,RU,1556484843,51,56.2,42.16,37.38,6.73
313,Jieshi,1,CN,1556484845,92,22.82,115.83,73.74,2.57
314,Port Hawkesbury,90,CA,1556484654,57,45.62,-61.36,53.01,11.41
315,Norman Wells,75,CA,1556481600,44,65.28,-126.83,39.2,12.75
316,Agirish,83,RU,1556484852,93,61.92,63.02,17.58,8.1
317,Saint-Paul,75,FR,1556484610,87,45.22,1.9,48.0,5.82
318,Prince Rupert,1,CA,1556481600,76,54.32,-130.32,50.0,11.41
319,Tabas,86,IR,1556481600,23,33.6,56.92,73.4,4.7
320,Pervomayskoye,100,RU,1556484861,95,57.07,86.23,30.36,9.24
321,Makakilo City,40,US,1556484785,83,21.35,-158.09,79.0,4.7
322,Cayenne,0,GF,1556481600,66,4.94,-52.33,84.2,11.41
323,Payo,99,ID,1556484867,84,-3.75,103.64,71.22,2.77
324,Theunissen,0,ZA,1556484869,42,-28.4,26.71,55.2,1.88
325,Zhigansk,100,RU,1556484871,79,66.77,123.37,12.72,13.13
326,Paralimni,28,GR,1556484725,58,40.99,23.67,60.01,1.01
327,Grand Gaube,75,MU,1556484843,94,-20.01,57.66,73.99,5.82
328,Along,97,IN,1556484878,93,28.17,94.8,55.92,2.1
329,Auki,74,NG,1556484880,7,12.18,6.51,93.18,8.79
330,Ambovombe,25,MG,1556484882,70,-25.18,46.09,74.82,16.37
331,Kota Kinabalu,75,MY,1556484617,94,5.98,116.07,78.8,4.7
332,Hambantota,100,LK,1556484755,77,6.12,81.12,83.82,10.47
333,Fort Morgan,100,US,1556484605,16,40.25,-103.8,78.8,42.5
334,Mehamn,40,NO,1556482800,86,71.03,27.85,39.2,1.12
335,Mindelo,0,PT,1556484349,87,41.31,-8.72,66.99,4.7
336,Alvarado,1,US,1556484893,74,32.41,-97.21,84.99,14.99
337,Asheville,1,US,1556484797,25,35.6,-82.55,84.99,4.7
338,Alexandria,75,US,1556484721,54,31.31,-92.44,82.99,5.82
339,Batemans Bay,0,AU,1556484640,100,-35.71,150.18,48.99,2.73
340,Paamiut,1,GL,1556484903,75,61.99,-49.67,37.56,15.01
341,Tuatapere,100,NZ,1556484610,92,-46.13,167.69,48.0,11.99
342,Kahului,75,US,1556484606,69,20.89,-156.47,78.8,8.05
343,Simao,0,CN,1556484910,57,22.76,100.79,66.54,1.59
344,Tiarei,40,PF,1556484782,70,-17.53,-149.33,84.2,4.7
345,Shingu,100,JP,1556484914,70,33.72,135.99,44.4,3.8
346,Saint-Joseph,0,FR,1556484637,62,43.56,6.97,57.99,2.24
347,Inhambane,0,MZ,1556484919,93,-23.87,35.38,65.46,3.24
348,Vangaindrano,11,MG,1556484921,86,-23.35,47.6,69.6,6.67
349,Vilhena,0,BR,1556481600,78,-12.74,-60.15,80.6,4.7
350,Biak,100,ID,1556484925,99,-0.91,122.88,66.9,1.5
351,Alvaraes,40,BR,1556481600,66,-3.22,-64.8,89.6,10.29
352,Kangaatsiaq,0,GL,1556484930,83,68.31,-53.46,31.62,7.2
353,Yumen,100,CN,1556484932,28,40.29,97.04,55.02,12.86
354,Chapais,90,CA,1556484000,73,49.78,-74.86,26.6,10.29
355,Port Moresby,20,PG,1556481600,100,-9.47,147.16,73.4,3.36
356,Clyde River,40,CA,1556481600,72,70.47,-68.59,14.0,3.36
357,Gonaives,25,HT,1556484940,68,19.45,-72.68,86.16,9.4
358,Tecoanapa,20,MX,1556480820,74,16.99,-99.26,86.0,8.05
359,Yinchuan,71,CN,1556484828,44,38.48,106.21,55.0,1.99
360,Baherden,91,TM,1556484947,38,38.44,57.43,58.26,5.37
361,Pitimbu,75,BR,1556481600,74,-7.47,-34.81,80.6,16.11
362,Sterling,40,US,1556484797,63,39.0,-77.4,71.01,21.92
363,Hay River,75,CA,1556481600,37,60.82,-115.79,33.8,8.05
364,Eldorado,75,MX,1556484772,17,24.32,-107.36,91.99,10.29
365,Rio Claro,0,BR,1556481600,57,-22.41,-47.56,80.6,8.05
366,Cilegon,20,ID,1556484788,88,-6.02,106.05,78.8,2.24
367,Wanning,75,AT,1556484859,65,48.64,13.53,46.4,6.93
368,Galesong,40,ID,1556481600,100,-5.32,119.37,75.2,6.93
369,Nara,75,JP,1556484096,58,34.68,135.8,57.2,5.82
370,Bone,40,ID,1556481600,100,-5.29,119.42,75.2,6.93
371,Sosua,40,DO,1556484612,74,19.77,-70.52,89.6,17.22
372,Sao Filipe,100,CV,1556484973,79,14.9,-24.5,73.38,19.75
373,Sangueya,0,GN,1556484975,72,10.7,-14.37,80.22,7.45
374,Chateaubelair,40,VC,1556481600,70,13.28,-61.25,86.0,18.34
375,De Aar,0,ZA,1556484979,29,-30.65,24.01,64.38,6.2
376,Samarai,91,PG,1556484981,95,-10.62,150.67,75.72,3.87
377,Renfrew,75,GB,1556484904,87,55.88,-4.39,51.01,4.7
378,Saint-Leu,0,RE,1556484959,61,-21.15,55.28,77.0,5.82
379,Lazaro Cardenas,75,MX,1556484528,11,28.39,-105.62,87.8,9.17
380,Lompoc,90,US,1556484705,82,34.64,-120.46,66.0,8.05
381,Boyabat,96,TR,1556484992,80,41.47,34.77,51.24,4.29
382,Namibe,1,AO,1556484994,78,-15.19,12.15,72.48,10.96
383,Ahuimanu,75,US,1556484785,73,21.44,-157.84,79.0,4.7
384,Tessalit,0,ML,1556484999,9,20.2,1.01,90.66,7.63
385,Merauke,100,ID,1556485001,77,-8.49,140.4,83.82,22.73
386,Bintulu,75,MY,1556481600,94,3.17,113.03,75.2,3.36
387,Jijiga,30,ET,1556485005,82,9.35,42.8,62.94,3.36
388,Puerto Escondido,5,MX,1556480700,66,15.86,-97.07,86.0,11.41
389,Rome,0,IT,1556484673,81,41.89,12.48,57.2,4.7
390,Sioux Lookout,75,CA,1556481600,38,50.1,-91.92,42.8,6.93
391,Kulhudhuffushi,100,MV,1556485014,78,6.62,73.07,85.44,13.82
392,Koungheul,41,SN,1556485016,15,13.98,-14.8,105.42,7.78
393,Kibaya,75,RW,1556483400,83,-2.2,30.56,69.8,5.82
394,Darnah,0,LY,1556484902,80,32.77,22.64,64.38,11.01
395,Vanimo,100,PG,1556485022,76,-2.67,141.3,82.56,6.2
396,Murgab,75,TM,1556481600,67,37.5,61.97,60.8,6.93
397,Sorong,97,ID,1556485027,95,-0.86,131.25,76.8,1.45
398,Wukari,35,NG,1556485029,47,7.87,9.78,90.48,5.97
399,Huizhou,0,CN,1556485031,78,23.11,114.41,78.42,3.65
400,Aasiaat,0,GL,1556485033,80,68.71,-52.87,33.96,5.79
401,Tank,0,PK,1556485035,23,32.22,70.39,67.44,1.92
402,Georgiyevka,0,RU,1556485037,59,52.25,40.45,43.14,11.3
403,Palmer,20,AU,1556484978,87,-34.85,139.16,53.01,4.7
404,Havre,90,US,1556484441,86,48.55,-109.68,30.99,31.09
405,Chicama,40,PE,1556481600,78,-7.84,-79.15,71.6,13.87
406,Juneau,40,US,1556485031,50,58.3,-134.42,52.0,10.29
407,Zapolyarnyy,40,RU,1556482800,64,69.43,30.82,37.4,6.93
408,Port Hedland,69,AU,1556483400,68,-20.31,118.58,71.6,8.05
409,Te Anau,97,NZ,1556485053,94,-45.41,167.72,41.16,5.86
410,Maibong,0,IN,1556485055,86,25.3,93.13,73.2,2.48
411,Astaneh-ye Ashrafiyeh,0,IR,1556481600,93,37.26,49.94,59.0,0.43
412,Yarmouth,0,GB,1556485027,70,50.71,-1.5,53.6,4.38
413,Ennis,20,IE,1556483400,87,52.84,-8.98,53.6,2.24
414,Bilibino,27,RU,1556485063,93,68.06,166.44,18.12,1.32
415,La Ronge,20,CA,1556481600,32,55.1,-105.3,39.2,11.41
416,Humaita,0,AR,1556481600,49,-24.93,-65.37,73.4,8.05
417,Banjar,85,ID,1556485070,96,-7.37,108.54,73.74,1.59
418,Taunggyi,25,MM,1556485072,55,20.78,97.03,72.3,4.85
419,Ratnagiri,99,IN,1556485074,88,16.98,73.3,83.82,8.55
420,Askiz,22,RU,1556485076,78,53.13,90.53,35.58,12.66
421,Arvika,40,SE,1556484668,54,59.65,12.59,57.2,9.17
422,Shimoda,75,JP,1556484414,82,34.7,138.93,55.4,3.36
423,Gunjur,0,GM,1556481600,73,13.18,-16.76,73.4,9.17
424,Trapani,0,IT,1556485083,77,38.02,12.54,66.0,6.93
425,Marystown,0,CA,1556485087,71,47.17,-55.16,44.58,10.04
426,Turukhansk,46,RU,1556485089,97,65.8,87.96,-1.32,2.3
427,San Andres,80,PH,1556485092,90,13.32,122.68,76.26,4.9
428,Ngerengere,100,TZ,1556485094,93,-6.76,38.13,74.28,3.06
429,Eureka,1,US,1556484818,66,40.8,-124.16,71.01,13.87
430,Coahuayana,100,MX,1556485098,11,18.62,-100.35,105.06,4.63
431,Springbok,2,ZA,1556485100,47,-29.67,17.88,66.54,1.03
432,Sayyan,0,YE,1556485102,51,15.17,44.32,73.38,3.0
433,Shaunavon,100,CA,1556485105,91,49.65,-108.41,28.02,22.32
434,Mount Darwin,37,ZW,1556485107,76,-16.77,31.58,64.74,1.16
435,Udachnyy,40,RU,1556481600,77,66.42,112.4,1.4,6.71
436,Balkhash,0,KZ,1556485111,52,46.84,74.98,53.94,6.31
437,Aberdeen,90,US,1556484913,49,45.47,-98.49,48.2,24.16
438,Xiongzhou,90,CN,1556485106,93,32.34,118.83,60.01,2.24
439,Maldonado,0,UY,1556481600,68,-34.91,-54.96,66.2,5.82
440,Padang,51,ID,1556485120,67,-0.92,100.36,83.46,4.43
441,Sanmenxia,1,CN,1556485122,92,34.77,111.19,45.3,4.14
442,Buraydah,0,SA,1556481600,60,26.33,43.97,75.2,8.05
443,Kingaroy,0,AU,1556484917,93,-26.54,151.84,57.0,6.06
444,Tanout,23,NE,1556485128,7,14.97,8.88,87.96,10.51
445,Masvingo,0,ZW,1556485131,73,-20.08,30.83,62.4,3.96
446,Nacala,100,MZ,1556485133,97,-14.56,40.69,73.2,7.0
447,Pokhara,0,NP,1556485135,26,28.21,83.99,55.2,5.46
448,Khasan,0,RU,1556485137,83,42.43,130.64,42.96,1.43
449,Murmashi,75,RU,1556483400,55,68.82,32.82,35.6,6.71
450,Ler,0,NO,1556484916,62,63.2,10.3,57.0,2.24
451,Malaryta,100,BY,1556485143,90,51.79,24.08,57.72,8.52
452,Cadillac,1,US,1556485086,17,44.25,-85.4,55.99,5.82
453,Saint-Augustin,75,FR,1556484642,81,44.83,-0.61,53.01,3.36
454,Sobolevo,0,RU,1556485150,57,54.43,31.9,45.66,12.26
455,Chabahar,0,IR,1556485152,22,25.29,60.65,89.58,10.09
456,Lipin Bor,12,RU,1556485154,73,60.26,37.97,28.2,4.27
457,Ikom,100,NG,1556485156,87,5.96,8.72,78.24,3.87
458,Boke,0,GN,1556485159,62,10.95,-14.28,81.66,7.23
459,Evensk,0,RU,1556485161,49,61.92,159.24,28.56,6.29
460,Savinka,100,RU,1556485163,83,50.08,47.1,51.96,18.12
461,Camara de Lobos,20,PT,1556485084,63,32.63,-16.97,64.4,9.17
462,Mar del Plata,20,AR,1556484917,34,-46.43,-67.52,57.18,33.69
463,Gizo,0,IL,1556485112,52,31.8,34.94,68.0,3.36
464,Tolga,20,DZ,1556481600,31,34.73,5.38,73.4,5.82
465,Surt,100,LY,1556485174,89,31.21,16.59,63.48,10.8
466,Oistins,40,BB,1556481600,66,13.07,-59.53,86.0,16.11
467,Yar-Sale,31,RU,1556485178,92,66.83,70.83,1.38,5.66
468,Boyolangu,75,ID,1556485180,90,-8.09,111.9,72.12,0.47
469,Nabire,100,ID,1556485182,99,-3.36,135.5,72.3,0.63
470,Cockburn Town,100,TC,1556484908,79,21.46,-71.14,79.86,16.02
471,Chipinge,0,ZW,1556485186,79,-20.19,32.62,63.12,4.54
472,Tateyama,89,JP,1556485092,97,36.66,137.31,46.0,1.79
473,Santa Fe,0,AR,1556484940,65,-31.62,-60.7,71.01,3.0
474,Teya,75,MX,1556484411,30,21.05,-89.07,100.0,6.93
475,Tabou,100,CI,1556485196,92,4.42,-7.36,78.6,2.57
476,Guerrero Negro,7,MX,1556485198,88,27.97,-114.04,59.88,10.36
477,Huinan,0,CN,1556485200,82,42.68,126.04,42.06,5.28
478,Bouloupari,75,NC,1556483400,94,-21.87,166.05,68.0,4.7
479,Nieuw Amsterdam,20,SR,1556484311,62,5.88,-55.08,87.8,13.87
480,Kourou,75,GF,1556483400,70,5.16,-52.64,84.2,11.41
481,Kantunilkin,40,MX,1556484781,70,21.1,-87.49,84.2,12.75
482,Dawlatabad,100,AF,1556485217,31,36.41,64.91,59.16,6.13
483,Vila Franca do Campo,40,PT,1556483400,93,37.72,-25.43,60.8,9.17
484,Karratha,68,AU,1556485208,39,-20.74,116.85,77.16,9.64
485,Sistranda,0,NO,1556484940,93,63.73,8.83,54.0,3.36
486,Bourail,2,NC,1556485227,82,-21.57,165.5,69.78,8.3
487,Rio Grande,20,BR,1556481600,68,-32.03,-52.1,69.8,16.11
488,Pangody,0,RU,1556485231,100,65.85,74.49,-5.28,5.61
489,Taoudenni,0,ML,1556485233,5,22.68,-3.98,91.74,6.64
490,Mocuba,5,MZ,1556485236,98,-16.84,36.99,67.26,3.56
491,Ginda,0,IN,1556485238,22,30.69,78.49,54.84,7.0
492,Ada,90,US,1556485098,31,47.3,-96.52,50.0,16.11
493,Kautokeino,1,NO,1556485243,86,69.01,23.04,30.72,7.7
494,Ryotsu,46,JP,1556481600,81,38.08,138.43,42.8,2.24
495,Lucapa,23,AO,1556485247,64,-8.42,20.74,73.92,2.71
496,Gushikawa,75,JP,1556484787,83,26.35,127.87,77.0,17.22
497,Baykit,81,RU,1556485252,91,61.68,96.39,15.6,5.46
498,Salina Cruz,0,MX,1556485254,39,16.18,-95.2,92.46,9.35
499,Raudeberg,0,NO,1556485213,81,61.99,5.14,57.2,3.36
500,Shieli,7,KZ,1556485258,33,44.18,66.74,65.64,7.2
501,Zhanakorgan,1,KZ,1556485260,41,43.91,67.25,64.74,5.88
502,Rocha,3,UY,1556485262,87,-34.48,-54.34,61.14,3.76
503,Marawi,100,PH,1556484433,92,8.0,124.29,75.0,5.01
504,Minbu,32,MM,1556485267,60,20.18,94.88,80.22,9.1
505,La Asuncion,80,EC,1556485269,79,-1.64,-78.74,54.66,2.57
506,Tura,6,IN,1556485271,92,25.52,90.21,77.52,9.01
507,Navrongo,86,GH,1556485274,38,10.89,-1.09,96.42,3.69
508,Poum,51,MK,1556485276,74,41.28,20.71,42.96,2.13
509,Eskil,78,TR,1556485278,56,38.4,33.41,60.06,5.44
510,Ucluelet,20,CA,1556485252,58,48.94,-125.55,61.0,6.93
511,Wenling,79,CN,1556485226,98,28.38,121.38,64.99,5.99
512,Natal,20,BR,1556485200,74,-5.81,-35.21,84.2,13.87
513,Fortuna,0,ES,1556485241,72,38.18,-1.13,64.99,3.8
514,Khandbari,12,NP,1556485289,79,27.38,87.21,51.6,1.77
515,Wenatchee,90,US,1556484418,26,47.42,-120.31,59.0,6.93
516,Zeya,93,RU,1556485293,55,53.74,127.27,37.92,1.61
517,Novobiryusinskiy,29,RU,1556485296,79,56.96,97.71,28.02,7.4
518,Gusau,74,NG,1556485298,7,12.17,6.66,93.18,8.79
519,Rock Hill,75,US,1556485142,32,34.92,-81.03,86.0,6.93
520,Batagay,47,RU,1556485302,80,67.65,134.64,29.82,4.27
521,Ixtapa,75,MX,1556485277,65,20.71,-105.21,82.4,11.41
522,Mendi,63,ET,1556485307,49,9.8,35.1,76.26,3.58
523,Songkhla,40,TH,1556483400,88,7.2,100.6,80.6,3.8
524,Vredendal,0,ZA,1556485311,73,-31.68,18.49,64.38,2.66
525,Goderich,33,CA,1556485302,71,43.74,-81.71,46.99,13.0
526,Sanghar,0,PK,1556481600,54,28.18,68.31,84.2,7.05
527,Harnosand,27,SE,1556485219,86,62.63,17.94,39.2,3.36
528,Cruzeiro do Sul,40,BR,1556481600,88,-7.63,-72.67,80.6,3.36
529,Tangshan,59,CN,1556485322,60,39.63,118.17,51.78,5.06
530,Taltal,0,CL,1556485324,65,-25.41,-70.49,69.24,6.11
531,Koshurnikovo,94,RU,1556485326,89,54.3,93.39,34.14,9.64
532,Sohag,0,EG,1556481600,17,26.55,31.7,82.4,5.82
533,Tsaratanana,99,MG,1556485331,83,-16.8,47.65,70.5,9.51
534,Rimbey,75,CA,1556483580,64,52.64,-114.24,33.8,13.87
535,Jalu,79,LY,1556485335,32,29.03,21.55,78.78,16.51
536,Dekernes,0,EG,1556481600,64,31.09,31.59,69.8,12.75
537,Bodinayakkanur,98,IN,1556485339,98,10.01,77.35,69.78,0.38
538,Kizukuri,100,JP,1556485209,80,40.81,140.39,46.0,18.9
539,Frederico Westphalen,9,BR,1556485344,81,-27.36,-53.4,65.82,4.97
540,Port Hardy,20,CA,1556481600,71,50.7,-127.42,50.0,6.93
541,Honningsvag,0,NO,1556482800,82,70.98,25.97,39.2,6.93
542,Cabano,90,CA,1556485336,48,47.68,-68.89,44.6,16.11
543,Barentu,39,ER,1556485352,10,15.11,37.59,87.42,5.68
544,Deputatskiy,94,RU,1556485355,86,69.3,139.9,20.28,3.04
545,Fukue,75,JP,1556485238,76,35.03,136.69,57.0,5.82
546,Banepa,20,NP,1556482800,88,27.63,85.52,69.8,3.36
547,Kloulklubed,90,PW,1556481000,83,7.04,134.26,80.6,11.41
548,Ferrol,0,ES,1556485357,77,43.48,-8.23,61.0,2.24
549,Eyl,35,SO,1556485091,60,7.98,49.82,79.32,6.04
550,Lampang,26,TH,1556485367,39,18.29,99.49,78.96,2.53
551,Consett,12,GB,1556485304,100,54.85,-1.83,48.2,5.82
552,Umm Kaddadah,2,SD,1556485372,10,13.6,26.69,81.12,11.97
